"Id","Name","Description","Variable classes","Variable name","Variable name definition URI","Thematic uncertainty threshold","Thematic uncertainty goal","Thematic uncertainty unit of measure","Update frequency threshold","Update frequency threshold unit of measure","Update frequency goal","Update frequency goal unit of measure","Timeliness threshold","Timeliness threshold unit of measure","Timeliness goal","Timeliness goal unit of measure","Even distribution","Coordinated measure","Horizontal resolution threshold","Horizontal resolution goal","Horizontal resolution unit of measure","Vertical resolution threshold","Vertical resolution goal","Vertical resolution unit of measure","Data accesses","Completely matching dataset","Partial matching dataset","Reason partial matching","Citizen science acceptance","Need id",
"25","Climate variables","Consistent climate data from across elevational gradients ","Atmosphere (ECV), Terrestrial (ECV), Water (EWV)","Precipitation","https://gcos.wmo.int/en/essential-climate-variables/precipitation","20","0","%","24","month","1","hour","","","","","1","Air temperature, wind-speed, SWE, species presence","500","0","m","300","200","m","","","https://comunidad.eia.edu.co/blog/poleka-kasue-observatorio-socio-ecologico-de-montana/","Limited the coverage of all variables, limited access to in-situ data due to policies of governments in different countries, lack of standards (many different formats)","","31",
"26","Harmonize in-situ data","Harmonize in-situ data for crop land or crop type mapping","Agriculture (EAV)","Crop Type Masks","https://agvariables.org/eav/crop-type-masks","100","95","%","6","year","3","month","","","","","1","Phenology, stage of the crop, crop management (e.g., irrigation)","40","20","m","","","","","","10.5281/zenodo.7609546 10.5281/zenodo.7609500 10.5281/zenodo.7593734","No well-searchable, no cloud service (only downloadble through zenodo)","","32",
"27","SOC stocks in the topsoil (to 30 cm depth)","SOC stocks in the topsoil (to 30 cm depth)","Terrestrial (ECV)","Soil Carbon","https://gcos.wmo.int/en/essential-climate-variables/soil-carbon","5","0","%","4","year","0","year","","","","","1","land management for carbon change factors","30","0","m","","","","","","gsoc  https://www.fao.org/soils-portal/data-hub/soil-maps-and-databases/global-soil-organic-carbon-map-gsocmap/en/","No updatable, methods can be improved","","33",
"28","Fish consumption","Presence of mercury in fish consumption","Ocean (ECV & EOV)","Socioeconomic","","100","20","%","1","year","1","year","5","month","1","month","1","Age of the fish (age or dimention of the fish)","100","10","km","","","","","","FAO database","Lacks information about the origin (the location) of the fish","","34",
"30","Citizen science data","Visual assessment of wildfires","Terrestrial (ECV)","Drought","https://gcos.wmo.int/en/essential-climate-variables","","","","1","month","","","1","month","","","No, it isn't","Precipitation, Temperature","100","","m","","","","Cloud Service","","","","","35",
"80","Biomass","Let me turn it around, since we provide in-situ data, we would be interested in how would the in-situ community need a certain EO product, in this case biomass.","Terrestrial (ECV)","Above-ground Biomass","https://gcos.wmo.int/en/essential-climate-variables/biomass","10","","mg/ha","12","week","","","1","week","","","","","1","","m","","","","Download Service (OGC)","","","","","87",
"81","Phenology","Observed planting, flowering, maturity and harvest of a specific crop","Biodiversity (EBV)","Phenology","https://geobon.org/ebvs/what-are-ebvs/#Phenology","5","1","day","1","year","","","","","","","","","","","","","","","View and Download Service (OGC)","","","","","88",
"82","Chemical composition in European cities","Long-term trends, seasonal variability, daily resolution","Atmosphere (ECV)","Air Quality","","","","","1","day","","","","","","","","","","","","","","","Download Service (OGC)","","ACTRIS ESFRIs (actually the consortium, as in principle ACTRIS was more based on remote sites)","Discoverability and accessibility .. to be aware what exists out there.","","89",
"83","Water quality and quantity data in Estonia, Europe, Globe","Every possible kind of continues of discontinues water quality and quantity datasets","Water (EWV)","Nutrients, dissolved oxygen, DOC, Chl, water temperature, temperature profiles, pCO2, global irradiance, wind, humidity, flow rates, land cover and its changes, ect","","","","","1","month","","","1","year","","","","","1000","100","m","1000","100","m","Download Service (OGC)","","There are many available through the data providers, but almost nothing openly available for downloading. At the same time, many parameters should not be also shared without additional knowledge about the studied systems","Never not enough data available","","90",
"85","Species tree per city","The tree species information provides valuable elements for the toxicity, nativeness or invasiveness of a species. Gathering all this information can be beneficial for local authorities to develop current and future strategies and action plans.","Biodiversity (EBV)","Species abundances","https://geobon.org/ebvs/what-are-ebvs/#SpeciesAbundances","","","","4","year","","","1","year","","","","","1","","m","1","","m","View and Download Service (OGC)","","Yes. 1. https://maps.amsterdam.nl/bomen/?LANG=en , 2. https://public.tableau.com/app/profile/dimitris.kosmidis1725/viz/CoAGreenDataDK1/SomeGreen, 3. https://data.iledefrance.fr/explore/?refine.theme=Cadre+de+vie+-+environnement&sort=modified, https://opendata.paris.fr/explore/dataset/les-arbres/map/?disjunctive.typeemplacement&disjunctive.arrondissement&disjunctive.libellefrancais&disjunctive.genre&disjunctive.espece&disjunctive.varieteoucultivar&disjunctive.stadedeveloppement&disjunctive.remarquable&basemap=jawg.dark&location=19,48.82769,2.34281, 4. https://ajuntament.barcelona.cat/atlesbiodiversitat/en/, 5. https://dados.gov.pt/en/datasets/arvoredo/#_ ","Not all species are recorded, city is partially mapped.","","92",
"88","Physical water parameters","Longer insitu data and models","Water (EWV)","Chl, T, currents, salinity","","5","","cm/s","1","hour","","","3","hour","","","","","5","","km","5","","m","","","Data in www.euskoos.es","We use it but need more data and resolution","","95",
"89","Bio-physical water quality parameters anywhere in the world","To validate the atmospheric correction, we need in situ remote sensing reflectance.","Water (EWV)","Water Quality","https://www.geoglows.org/pages/working-group-3/#WaterQuality","","","","1","hour","","","1","month","","","No it isn't","not needed","","","","","","","View and Download Service (OGC)","","Lake data: https://wldb.ilec.or.jp/, Reflectance and supporting data: https://limnades.stir.ac.uk/Limnades_login/index.php, Reflectance data: WISPcloud (info in https://zenodo.org/record/2533079#.Y5hgg33MK3A)","","","96",
"90","Wind Speed and Direction in the Mediterranean Sea","Continuous and quality checked in-situ data","Atmosphere (ECV)","Wind Speed and Direction","https://gcos.wmo.int/en/essential-climate-variables/surface-wind","","","","","","15","day","","","1","hour","Yes it is","meteorological stations","","1","km","200","10","m","Cloud Service","","Apulia Regional Network of Air Quality (http://old.arpa.puglia.it/web/guest/qariainq2)","","","97",
"91","Fine particulate matter concentrations (e.g. PM2.5 and PM10)","Measurements of the mass of particulate matter  (dust in ambient air) using special filters and Beta-ray absorption method.","Atmosphere (ECV)","PM2.5","https://www.eea.europa.eu/help/glossary/eea-glossary/pm2.5","0.5","","µg/m3","24","hour","","","","","","","Yes it is","Weather parameters, meteorological stations","15","","km","","","","View and Download Service (OGC)","","Yes, Bari city (southern Italy)","Uncertainties values associated to the measurement (available upon request)","","98",
"92","Meteorology and air pollution over European cities (Athens etc)","","Atmosphere (ECV)","urban air pollution, local meteorological conditions","","","","","1","hour","","","1","day","","","","","","","","200","","m","Download Service (OGC)","","","the vertical profile","","99",
"93","Soil samples around Europe","in situ soil samples data (preferable multiple within one field)","Terrestrial (ECV)","soil carbon content, soil nutrients content, soil moisture","","","","","2","week","","","1","year","","","No it isn't","altitude, soil type, soil and air temperature, rainfall 1 month prior to measurement","100","","m","","","","Download Service (OGC)","","","","","100",
"94","Yield from harvesters around Europe","actual yield data collected by harvesters (tonnes of collected crop per point - sensed every 1 second)","Agriculture (EAV)","tonnes of collected crop per point - sensed every 1 second","","","","","1","year","","","1","year","","","Yes it is","time of collection","2","","m","","","","Download Service (OGC)","","webservice-energy GEO Energy community portal: http://www.webservice-energy.org/resources-list/in-situ-data","not for commercial use","","100",
"95","Phenology data around Europe","Phenology data for various crop types - collected by in-situ campagins of agronomists","Biodiversity (EBV)","crop individual height, number of leaves, observed vitality, dates of phenological milestones (such as blooming)","","","","","1","week","","","1","year","","","No it isn't","date, meteorological attributes","100","","m","","","","Download Service (OGC)","","Yes","One season we were frequently collecting in-situ phenological data of corn fields (height, number of leaves, date of blooming and so on), not enough samples.","","100",
"96","Tree damaging / vitality loss events around Europe","in-situ observed tree damaging events -in city + in open forests / or observed graduall vitality decrease","Terrestrial (ECV)","Date(range) of event (e.g drought) / Intensity of event / Observed effects on tree group","","","","","","","","","1","year","","","meteorological attributes","","","","","","","","Download Service (OGC)","","yes","we worked with data of tree inventory - but on limited number of locations. Not enough samples to make conclusions.","","100",
"97","Air quality in Europe","Hourly air quality measurements on various pollutants with a diverse spatial coverage (not only in highly polluted areas).","Atmosphere (ECV)","NO2, PMs, CO, SO2, O3 concentration in the air.","","5","","µg/m3","1","hour","","","","","","","Yes it is","","1","","km","","","","Download Service (OGC)","","ATMO (France)","","","101",
"98","Solar radiation worldwide","Best possible information about the quality and reliability of solar radiation","Atmosphere (ECV)","Downwelling solar radiation at surface, possibly with its direct and diﬀuse components","https://www.researchgate.net/publication/336698640_Which_variables_are_essential_for_renewable_energies","","","","1","hour","","","","","","","No it isn't","Wind speed and direction at surface Surface air temperature. Solar irradiance at the top of the atmosphere, also known as total solar irradiance. Cloud properties. Albedo. (https://www.researchgate.net/publication/336698640_Which_variables_are_essential_for_renewable_energies)","10","","km","10","","km","","","Yes (http://tds.webservice-energy.org/thredds/in-situ.html)","","","102",
"101","Total monthly Precipitacions data in Spain","Accumulated monthly precipitation","Atmosphere (ECV)","Precipitation","https://gcos.wmo.int/en/essential-climate-variables/precipitation","","","","1","month","","","","","","","Yes it is","Temperature, Altitude, distance to the sea","10","","km","","","","Download Service (OGC)","","AEMET","including all possible altitudes and land covers","","105",
"102","Field boundaries with crop type and date","","Agriculture (EAV)","Field Boundaries","https://agvariables.org/eav/field-boundaries","2","","m","45","day","","","1","week","","","Yes it is","Farming practices, soil properties, nutrient management","2","","m","","","","Download Service (OGC)","","","Does not exist at scale","","106",
"103","Flowering DOY","The moment of the year a given plant species starts flowering","Biodiversity (EBV)","Phenology","https://geobon.org/ebvs/what-are-ebvs/#Phenology","1","","week","1","year","","","1","month","","","Yes it is","Temperature, vegetation coverage, climatic anomalies","50","","km","400","","m","Download Service (OGC)","","pep725, GBIF","pep725: DATA ACCESSIBILITY. GBIF: Lack of accurate data","","107",
"104","Energy assets in Leipzig","Energy production, consumption and storages","Atmosphere (ECV)","Air quality, Temperature, carbon-dioxide","","2","","m","1","day","","","","","","","No it isn't","meteorological stations, air quality sensors.","200","","m","2","1.5","m","View and Download Service (OGC)","","Yes: https://www.marktstammdatenregister.de/MaStR/Einheit/Einheiten/ErweiterteOeffentlicheEinheitenuebersicht#stromerzeugung","Geolocation is missing (data security), data needed at bulding block level","","108",
"105","Forest biomass sampled in tropical countries","Probabilistic samples of forest biomass measurements","Terrestrial (ECV)","Above-ground Biomass","https://gcos.wmo.int/en/essential-climate-variables/biomass","5","","%","2","year","1","year","3","year","1","year","Yes it is","biodiversity, soil carbon characteristics, tree height","25","5","km","","","","Cloud Service","","Some FAO publications:  Maps of national inventories with no access information. There is a USA dataset that can be downloaded at: https://apps.fs.usda.gov/fia/datamart/datamart.html","Lack of precise location data","","109",
"106","Chlorophyll or turbidity","Amount of chlorophyll in volume of water that is related to alga biomass","Ocean (ECV & EOV)","Chlorophyll-a Concentration","https://gcos.wmo.int/en/essential-climate-variables/ocean-colour","5","","%","1","day","","","12","hour","","","No it isn't","turbidity, clarity, currents, temperature of air and water, nutrients, salinity, dissolved oxygen","10","","m","1","","m","Cloud Service","","Yes (African countries, national governments, EMODNET)","Lack of accessibility, openness, sustainability and temporal frequency.","","110",
"108","Urban PM","","Atmosphere (ECV)","PM2.5","https://www.eea.europa.eu/help/glossary/eea-glossary/pm2.5","10","5","ug/m3","24","hour","1","hour","1","year","1","month","","","1","1","km","","","","","","","","","112",
"110","PM on high spatiotemporal resolution","","Atmosphere (ECV)","PM2.5","https://www.eea.europa.eu/help/glossary/eea-glossary/pm2.5","3","1","ug/m3","1","hour","2","minute","1","month","1","hour","","","10","1","km","","","","Download Service (OGC)","","EEA reference data","","","114",
"111","Fine particulate matter","","Atmosphere (ECV)","PM2.5","https://www.eea.europa.eu/help/glossary/eea-glossary/pm2.5","5","","%","1","day","1","hour","1","day","1","hour","","","15","1","km","3","0","km","Download Service (OGC)","","","","","116",
"112","Agriculture ammonia waste","Information on local agriculture activity","Agriculture (EAV)","Ammonia (NH3)","https://www.eea.europa.eu/help/glossary/eper-chemicals-glossary/ammonia-nh3 ; https://vocab.nerc.ac.uk/collection/P01/current/AMNH3G01/","1","","ug/m3","1","hour","1","minute","1","year","1","month","","","10","1","km","","","","","","","","","117",
"113","Oxygen Data in Water","Oxygen concentraiton measurement in Berlin Lakes","Water (EWV)","Oxygen Concentration","https://www.geoglows.org/pages/working-group-3/#WaterQuality","5","0","%","1","hour","15","minute","6","month","1","month","1 Sensor per lake","Potentielly: Water temperature, pH, Conductivity","1","1","km","1","1","km","Download link","Other lakes (Distance not important - Connection between water bodies is)","Other lakes (Distance not important - Connection between water bodies is)","Partial fitting data set would be the sporadic manual measurement","","118",
"114","Oxygen lakes Berlin","oygen data to determin the lake water quality","Water (EWV)","Oxygen Concentration","https://www.geoglows.org/pages/working-group-3/#WaterQuality","0.1","0.1","mg O2/L","1","hour","1","hour","1","year","1","week","","","10","1","m","1","1","m","Cloud Service","","","","","119",
"115","Hydrological model in Ferrara neighborhood","","Water (EWV)","Runoff/Streamflow/river discharge","https://www.geoglows.org/pages/working-group-3/#RunoffStreamflowRiverdischarge","10","1","m","6","month","1","month","1","week","1","day","in situ data collection every 100 m","materials of surfaces, DTM, buildings, sewage network","10","1","m","0.1","0.01","m","View and Download Service (OGC)","","","","","120",
"116","Phenological data","Phenological data from the ground related to start and end of the season for vegetation","Biodiversity (EBV)","Phenology","https://geobon.org/ebvs/what-are-ebvs/#Phenology","5","2","days","","","2","day","3","month","1","month","Even within the same habitats","land use, habitats, species distribution","30","10","m","","","","Subscription Server, View and Download Service (OGC), Download link","","ritmenatura.cat / FenoCat / PEP725","Low frequency and completeness","","121",
"117","Habitat quality in the Iberian Peninsula ","Integration of habitat fragmentation, biodiversity, singularity and abundance information ","Biodiversity (EBV)","Community composition","https://geobon.org/ebvs/what-are-ebvs/#CommunityComposition","10","5","% of global errors","10","year","5","year","1","year","6","month","Depending on landscape variability, so sampling could be not regular. More samples in complex areas and less samples in homogeneous areas.","Biodiversity indices of diffferent taxa, soil proprierties, structure indicators","30","10","m","","","","Download link","No","The dataset exists partially (habitat maps exist but quality habitat maps not). Also they have low time frequency","Low time frequency","","122",
"121","Absence observations","Absence of species during an observational campaign","Biodiversity (EBV)","Species distributions","https://geobon.org/ebvs/what-are-ebvs/#SpeciesDistributions","","","","1","year","4","month","1","year","3","month","","","10","1","km","","","","API","","occurrence of species","You can infer absence from no-occurence but with high uncertanty","","126",
"122","Biodiversity in Mostviertel","Pollinator transects to analyse distribution and frequency of pollinators.","Biodiversity (EBV)","Species distributions","https://geobon.org/ebvs/what-are-ebvs/#SpeciesDistributions","10","5","%","3","month","1","month","3","month","1","month","Access denied. I'm not authorized to access the page.","","10","5","m","","","","View and Download Service (OGC)","","https://butterfly-monitoring.net/index.php/elastic/all-records","Access denied. I'm not authorized to access the page.","","127",
"123","Meteorological data in Banyoles (Girona)","Pluviometry, Evapotranspiration, temperature, humidity","Atmosphere (ECV)","Surface Temperature","https://gcos.wmo.int/en/essential-climate-variables/surface-temperature","10","3","%","1","month","1","hour","1","month","1","day","Every 100 m in Banyoles lake (buffer 10 km), homogeneous distribution.","Pluviometry, Evapotranspiration, humidity, and related variables","1000","10","m","10","1","m","Cloud Service, View and Download Service (OGC)","","https://meteo.cat/observacions/xema","This data has the variables and temperature for day, not ","","128",
"124","Biotic and abiotic essential variables","Biotic and abiotic essential variables for the arctic","Geodiversity (EGV)","carbon flux","","","","","","","","","","","","","","","","","","","","","Cloud Service","","","","","132",
"125","TEST Nature protegeres areas"," Classification of wetlands","Biodiversity (EBV), Water (EWV)","Ecosystem variable","https://geobon.org/ebvs/what-are-ebvs/","5","2","?","1","year","1","year","1","week","1","week","100 m in forest, 50 m in open land ","Lakes, water bassins, ","100","100","m","25","25","m","Cloud Service, View and Download Service (OGC)","","","Topographic mapping","","136",
"126","Biodiversity measures across ecosystems","","Biodiversity (EBV), Geodiversity (EGV), Ocean (ECV & EOV), Terrestrial (ECV), Water (EWV)","Range of variables","","","","","1","year","1","month","1","year","1","month","No need","Abiotic and socio-economic details of sampling site at sampling location","5","0.5","km","","","","Cloud Service, View and Download Service (OGC)","Only fragmented high thematic and spatio-temporal resolution","","","","137",
"127","Biomass","","Terrestrial (ECV)","Above-Ground Biomass","https://gcos.wmo.int/en/essential-climate-variables/biomass/","30","10","%","5","year","6","month","5","year","1","year","","eddy covariance flux-station, soil carbon, fires, LAI","1000","10","m","","","","Subscription Server, View and Download Service (OGC), Download link","no","","","","138",
"129","Surface albedo of Poland","Surface albedo time series measurements to assess land cover changes in Poland","Terrestrial (ECV)","Albedo","https://gcos.wmo.int/en/essential-climate-variables/albedo/","3","1","%","3","month","1","week","1.5","month","3.5","week","no need to be even but cover different homogenous surface types","land use/land cover class with accordance to CORINE classification scheme","1000","300","m","","","","View and Download Service (OGC)","","","","","140",
"130","EarthSurface","Very basic RGB based observation results","Atmosphere (ECV)","","","","","","2","year","12","year","1","year","5","year","","","2.4","0.5","m","2.4","0.5","m","API","","","","","141",
"132","Climatic data for Ebro basin","Long term and high quality climatic data","Water (EWV)","Essential Climate Variables","https://gcos.wmo.int/en/essential-climate-variables","10","2","%","1","month","1","day","1","month","0","day","meteorological data should be even distributed every 100m at each side of Ebro river","soil moisture, evaporation measurements","1","0.1","km","","","","","no","http://www.saihebro.com/saihebro/index.php?url=/datos/introduccion","Difficult to access and download data","","143",
"134","stand level above ground biomass ","estimates of AGB from measurement of tree by tree diameter at breast height and tree species for 1ha field plots ","Terrestrial (ECV)","Above-ground Biomass","https://gcos.wmo.int/en/essential-climate-variables/biomass/","30","10","%","10","year","5","year","2","year","1","year","Distribution is uneven following spatial gradients and forest types. ","meteorologic data, precise coordinates","","","","","","","View and Download Service (OGC), API","data.geo-trees.org","","","","146",
"135","landscape above ground biomass","estimates of AGB from airborne laser scans and plot based estimates for 1000 km2 areas ","Terrestrial (ECV)","Above-ground Biomass","https://gcos.wmo.int/en/essential-climate-variables/biomass","30","10","%","10","year","5","year","2","year","1","year","Distribution is uneven following spatial gradients and forest types. ","meteorologic data","","","","","","","View and Download Service (OGC), API","data.geo-trees.org","","","","146",
"138","Wheat croplands in Europe","Temporal change in land use from primary vegetation to wheat croplands","Biodiversity (EBV)","Ecosystem distribution of terrestrial EUNIS Habitats","https://github.com/EuropaBON/EBV-Descriptions/wiki/Terrestrial-Ecosystem-distribution-of-terrestrial-EUNIS-Habitats","10","1","meters","3","year","1","year","2","year","1","year","Not relevant for this sampling","Pollinators, plant species ocerrences, pests","100","10","m","100","10","m","View and Download Service (OGC), Download link, API","","Ecosystem distribution of terrestrial EUNIS Habitats","Still coarse resolution","","148",
"140","Persistent Organic Pollutants levels in environment","Emissions of POPs into environment","Atmosphere (ECV), Ocean (ECV & EOV), Terrestrial (ECV), Water (EWV)","Wastewater","","5","0","%","3","year","1","year","5","year","4","year","Important to have monitoring of POPs distributed evenly (not too concentrated and not too sparse, also considering the nature of development in the monitored area - i.e. forest, cities, villages...)","air quality","","","","","","","Subscription Server, View and Download Service (OGC)","","https://data.pops-gmp.org/2020/all/#/gmp3/spatial-distribution#|","Better collection of data from providers (UN regions)","","150",
"141","Building and household census","Building and household information, such as vintage, heating system, floor area etc, routinely gathered during building and household census","Atmosphere (ECV)","","https://ec.europa.eu/eurostat/web/microdata","","","","10","year","","","","","","","Uniform distribution","Building and household census, such as type of building,  type of use,  construction period,  number of floors, type of roof ,size of building, construction period, energy carrier for space heating and  DHW","5","","m","3","","m","Download link","","https://www.statistics.gr/el/scientific_provision_data; https://bbr.dk/forside","Assumptions are still required for the creation of a build stock model","","151",
"142","Building footprint","Data on building footprint provided by Open Street Map","Atmosphere (ECV)","","","","","","10","year","","","","","","","Uniform","","5","","m","","","","Download link, API","","https://osmbuildings.org/data/","Missing buildings and assumptions for extracting building floor area","","151",
"143","Google street view","Google street view to validate assumptions on building floors","Atmosphere (ECV)","","https://www.google.com/streetview/","","","","10","year","","","","","","","Uniform","","","","","3","","m","View and Download Service (OGC)","https://www.google.com/streetview/","","","","151",
"147","Post-fire in situ assessment and documention of affected assets","In Mediterranean countries (e.g. Greece, Italy, Spain) a detailed questionnaire/form is filled in by the competent authorities (e.g. fire brigade in Greece, Cabinieri Forestiali in Italy) that documents in detail. Only aggregates of this bottom-up work reaches the annual EFFIS reports. Additionally, JRC has set minimum requirements for the required information in 2014 “The European Fire Database Technical specifications and data submission”. The Mediterranean countries go well beyond this and could substantially inform the losses and damages domain.","Biodiversity (EBV)","Impacted assets include including fatalities, injuries, type of timber affected, livestock, primary or secondary production businesses. From the EBVs:Primary productivity, Ecosystem disturbances ","Spanish example: https://www.miteco.gob.es/content/dam/miteco/es/biodiversidad/temas/incendios-forestales/parteincendioforestal_web_tcm30-132604.pdf","","","","","year","1","year","","year","1","year","","","500","","m","","","","API","","https://www.miteco.gob.es/content/dam/miteco/es/biodiversidad/temas/incendios-forestales/parteincendioforestal_web_tcm30-132604.pdf","EFFIS just receives the aggregated values of the reporting based on this kind of forms. Losses and damages, especially indirect losses necessitate the actual raw information","","153",
"148","Profiling of individual fatalities","Recorded circumstances of individual deaths resulting from flood","Terrestrial (ECV)","ECV: River discharge, Victim: age, gender, residency, condition, activity, place, dynamiscs, cause, behavior, hazardous behavior","https://www.nature.com/articles/s41597-022-01273-x","","","","","year","1","year","","year","1","year","Ad hoc","Victim: age, gender, residency, condition, activity, place, dynamics, cause, behavior, hazardous behavior","100","","m","","","","Download link","","https://data.4tu.nl/datasets/02de55e3-9f58-4b8b-b94b-12bf3c209e62","Missing countries, missing years, missing detail","","154",
"149","Database for recording climate-related damages on cultural heritage","Several policies require such information, not least the Sendai-related reporting. These is no standardized way for reporting such information with the added challenge being the measuring of cultural value and consequent damage. The DALIH database aims at providing a uniform way of doing so with local input (from a competent authority or even citizen science) being a prerequisite). It can also be utilized for impact modelling validation","Atmosphere (ECV)","ECV: Extreme weather events and cultural heritage asset-level documentation of damage and cost estimate","https://link.springer.com/chapter/10.1007/978-3-031-39450-8_88","","","","","year","0.5","year","","year","1","year","","Variables regarding the extreme weather events that affected the cultural heritage asset","100","10","m","","","","View and Download Service (OGC)","","https://www.dalih.org/app/#/","The website is currently unavailable. Climate related impacts are scarce, especially in Europe. This is a structured database that needs input from competent authorities","","155",
"150","Rainfall chemistry","Measurements of critical elements under the canopy and open field","Terrestrial (ECV)","Nitrate","https://gcos.wmo.int/site/global-climate-observing-system-gcos/essential-climate-variables/nutrients#Nitrate","0.1","0.02","mg/L","1","month","2","week","1","year","1","month","every 100 m in forest","Other cations and anions","1","1","km","","","","Cloud Service, View and Download Service (OGC), API","Own elaboration","","","","156",
"151","Air chemistry","Measurements of Ozone, NH3 and NO2","Atmosphere (ECV)","Ozone","https://gcos.wmo.int/site/global-climate-observing-system-gcos/essential-climate-variables/ozone","","","ug/m3","1","month","1","hour","1","year","1","day","Every 100 m in forest","NH3 and NO2","1","1","km","2","2","m","Cloud Service, View and Download Service (OGC), API","ACTRIS/Fluxnet","","","","156",
"152","Geophysical observations in Antactica ","Complementing observation with previous studies to obtain robust ice sheet models","Terrestrial (ECV)","Vertical ice velocity profiles ","https://gcos.wmo.int/en/essential-climate-variables/ice-sheets-ice-shelves","5","0.1","m s^-1","1","month","1","week","6","month","1","month","50 m","differential GPS","1","0.5","m","30","5","m","View and Download Service (OGC)","","https://nsidc.org/data/measures","There's no vertical velocities profiles","","157",
"153","Precipitation chemistry","Measurements of critical elements under the canopy and open field","Terrestrial (ECV)","Nitrate","https://gcos.wmo.int/site/global-climate-observing-system-gcos/essential-climate-variables/nutrients#Nitrate","0.1","0.02","mg/L","1","month","2","week","1","year","1","month","Every 100 m in forest","Other cations and anions and alkalinity (depending on pH)","1","1","km","","","","Cloud Service, View and Download Service (OGC), API","Own elaboration","","","","158",
"154","Foliage chemistry","Measurements of critical elements that may affect nutritional status of trees","Biodiversity (EBV)","Nitrate","https://gcos.wmo.int/site/global-climate-observing-system-gcos/essential-climate-variables/nutrients#Nitrate","0.1","0.02","mg/L","1","month","2","week","1","year","1","month","Every 100 m in forest","Other cations and anions","1","1","km","1","1","m","Cloud Service, View and Download Service (OGC), API","Own elaboration","","","","158",
"155","Litterfall chemistry","Measurements of critical elements that may affect nutritional status of trees","Biodiversity (EBV)","Nitrate","https://gcos.wmo.int/site/global-climate-observing-system-gcos/essential-climate-variables/nutrients#Nitrate","0.1","0.02","mg/L","1","month","2","week","1","year","1","month","Every 100 m in forest","Other cations and anions","1","1","km","2","2","m","Cloud Service, View and Download Service (OGC), API","Own elaboration","","","","158",
"157","Urban PM","","Atmosphere (ECV)","PM10","https://www.eea.europa.eu/help/glossary/eea-glossary/pm10","10","5","ug/m3","24","hour","1","hour","1","year","1","month","","","1","1","km","","","","","","","","","112",
"158","PM on high spatiotemporal resolution","","Atmosphere (ECV)","PM10","https://www.eea.europa.eu/help/glossary/eea-glossary/pm10","3","1","ug/m3","1","hour","2","minute","1","month","1","hour","","","10","1","km","","","","Download Service (OGC)","","EEA reference data","","","114",
"159","Discharge","Water discharge","Water (EWV)","Water discharge","https://www.geoglows.org/pages/working-group-3/#Runoff/Streamflow/riverdischarge","","","m3/s","1","day","1","hour","2","year","1","year","Every time the river divides.","Water elevation data","","","","","","","API","","Yes (https://events.ecmwf.int/event/222/contributions/2311/attachments/1261/2387/Hydrological-WS-Sanchez-Lozano-Development-of-a-bias-correction-method.pdf))","In occasions, the coordinates of the station does not follow the exact river course.","No","161",
"160","Citizen science data","Visual assessment of wildfires","Terrestrial (ECV)"," Inflamable material","https://gcos.wmo.int/en/essential-climate-variables","","","","1","month","","","1","month","","","No, it isn't","Precipitation, Temperature","100","","m","","","","Cloud Service","","","","","35",
"161","Phenology","Observed planting, flowering, maturity and harvest of a specific crop","Agriculture (EAV)","Reference Crop Calendars","https://agvariables.org/eav/reference-crop-calendars","5","1","day","1","year","","","","","","","","","","","","","","","View and Download Service (OGC)","","","","","88",
"162","Fine particulate matter concentrations (e.g. PM2.5 and PM10)","Measurements of the mass of particulate matter (dust in ambient air) using special filters and Beta-ray absorption method.","Atmosphere (ECV)","PM10","https://www.eea.europa.eu/help/glossary/eea-glossary/pm10","0.5","","µg/m3","24","hour","","","","","","","Yes it is","Weather parameters, meteorological stations","15","","km","","","","View and Download Service (OGC)","","Yes, Bari city (southern Italy)","Uncertainties values associated to the measurement (available upon request)","","98",
"164","Field boundaries with crop type and date","","Agriculture (EAV)","Crop Type Area Estimate","https://agvariables.org/eav/crop-type-area-estimate","2","","m","45","day","","","1","week","","","Yes it is","Farming practices, soil properties, nutrient management","2","","m","","","","Download Service (OGC)","","","Does not exist at scale","","106",
"165","Field boundaries with crop type and date","","Agriculture (EAV)","Crop Type Masks","https://agvariables.org/eav/crop-type-masks","2","","m","45","day","","","1","week","","","Yes it is","Farming practices, soil properties, nutrient management","2","","m","","","","Download Service (OGC)","","","Does not exist at scale","","106",
"166","Habitat quality in the Iberian Peninsula ","Integration of habitat fragmentation, biodiversity, singularity and abundance information","Biodiversity (EBV)","Ecosystem functioning","https://geobon.org/ebvs/what-are-ebvs/#EcosystemFunctioning","10","5","% of global errors","10","year","5","year","1","year","6","month","Depending on landscape variability, so sampling could be not regular. More samples in complex areas and less samples in homogeneous areas.","Biodiversity indices of diffferent taxa, soil proprierties, structure indicators","30","10","m","","","","Download link","No","The dataset exists partially (habitat maps exist but quality habitat maps not). Also they have low time frequency","Low time frequency","","122",
"167","Presence / absence of mangrove","The presence or absence of mangrove vegetation at points","Biodiversity (EBV)","Ecosystem distribution","https://geobon.org/ebvs/what-are-ebvs/#EcosystemDistribution","5","0","%","99","year","1","year","","","","","Random distribution within the area of interest","soil carbon content; canopy cover; mangrove tree species; mangrove associated species; tree diameter; biomass;","30","10","m","","","","Download Service (OGC), API","","GBIF","Needs some filtering","Yes","162",
"168","Tree Height Data ","Field measured field height ","Biodiversity (EBV)","Tree Height ","https://geobon.org/ebvs/what-are-ebvs/","2","1","m","5","year","1","year","5","year","1","year","Every 100m within forested areas","Estimates of tree cover in % and tree species information would complement these height measurements ","1000","100","m","1","1","m","Cloud Service, View and Download Service (OGC)","No","https://www.itreetools.org/","Provides tree height information in urban areas - but is not available in rural or forested areas ","Yes as long as they were verified - ","163",
